NO_MUNICIPIO_ESC,MESORREGIAO,PRESENCA
Abadia dos Dourados,TRIÂNGULO MINEIRO/ALTO PARANAÍBA,0.6923076923076923
Abaeté,CENTRAL MINEIRA,0.7121212121212122
Abre Campo,ZONA DA MATA,0.72
Acaiaca,ZONA DA MATA,0.6
Aguanil,OESTE DE MINAS,0.5
Aimorés,VALE DO RIO DOCE,0.4807692307692308
Aiuruoca,SUL/SUDOESTE DE MINAS,0.36363636363636365
Alagoa,SUL/SUDOESTE DE MINAS,1.0
Albertina,SUL/SUDOESTE DE MINAS,0.375
Alfenas,SUL/SUDOESTE DE MINAS,0.6750700280112045
Alfredo Vasconcelos,CAMPO DAS VERTENTES,0.625
Almenara,JEQUITINHONHA,0.7301587301587301
Alpercata,VALE DO RIO DOCE,1.0
Alpinópolis,SUL/SUDOESTE DE MINAS,0.725
Alterosa,SUL/SUDOESTE DE MINAS,0.6486486486486487
Alto Caparaó,ZONA DA MATA,0.25
Alto Jequitibá,ZONA DA MATA,0.5
Alto Rio Doce,ZONA DA MATA,0.5121951219512195
Alvarenga,VALE DO RIO DOCE,0.625
Alvinópolis,METROPOLITANA DE BELO HORIZONTE,0.5
Alvorada de Minas,METROPOLITANA DE BELO HORIZONTE,0.5714285714285714
Além Paraíba,ZONA DA MATA,0.6282051282051282
Amparo do Serra,ZONA DA MATA,0.4444444444444444
Andradas,SUL/SUDOESTE DE MINAS,0.6099290780141844
Andrelândia,SUL/SUDOESTE DE MINAS,0.6428571428571429
Angelândia,JEQUITINHONHA,0.375
Antônio Carlos,CAMPO DAS VERTENTES,0.625
Antônio Dias,VALE DO RIO DOCE,0.5833333333333334
Antônio Prado de Minas,ZONA DA MATA,0.3333333333333333
Aracitaba,ZONA DA MATA,0.0
Araguari,TRIÂNGULO MINEIRO/ALTO PARANAÍBA,0.5913705583756346
Arantina,SUL/SUDOESTE DE MINAS,0.8
Araponga,ZONA DA MATA,0.5
Araporã,TRIÂNGULO MINEIRO/ALTO PARANAÍBA,0.4782608695652174
Arapuá,TRIÂNGULO MINEIRO/ALTO PARANAÍBA,0.625
Araxá,TRIÂNGULO MINEIRO/ALTO PARANAÍBA,0.6211764705882353
Araçaí,METROPOLITANA DE BELO HORIZONTE,0.8571428571428571
Araçuaí,JEQUITINHONHA,0.7054794520547946
Araújos,CENTRAL MINEIRA,0.5161290322580645
Arceburgo,SUL/SUDOESTE DE MINAS,0.5454545454545454
Arcos,OESTE DE MINAS,0.5766423357664233
Areado,SUL/SUDOESTE DE MINAS,0.5652173913043478
Argirita,ZONA DA MATA,1.0
Aricanduva,JEQUITINHONHA,0.5625
Arinos,NOROESTE DE MINAS,0.7
Astolfo Dutra,ZONA DA MATA,0.45454545454545453
Ataléia,VALE DO MUCURI,0.8333333333333334
Augusto de Lima,CENTRAL MINEIRA,0.6666666666666666
Açucena,VALE DO RIO DOCE,0.5882352941176471
Baependi,SUL/SUDOESTE DE MINAS,0.6065573770491803
Baldim,METROPOLITANA DE BELO HORIZONTE,0.6153846153846154
Bambuí,OESTE DE MINAS,0.717391304347826
Bandeira,JEQUITINHONHA,0.5
Bandeira do Sul,SUL/SUDOESTE DE MINAS,0.38461538461538464
Barbacena,CAMPO DAS VERTENTES,0.6270928462709284
Barra Longa,ZONA DA MATA,0.0
Barroso,CAMPO DAS VERTENTES,0.7115384615384616
Barão de Cocais,METROPOLITANA DE BELO HORIZONTE,0.7307692307692307
Barão de Monte Alto,ZONA DA MATA,0.3333333333333333
Bela Vista de Minas,METROPOLITANA DE BELO HORIZONTE,0.625
Belmiro Braga,ZONA DA MATA,0.75
Belo Horizonte,METROPOLITANA DE BELO HORIZONTE,0.7073397598511754
Belo Oriente,VALE DO RIO DOCE,0.6153846153846154
Belo Vale,METROPOLITANA DE BELO HORIZONTE,0.5333333333333333
Berilo,JEQUITINHONHA,0.5357142857142857
Berizal,NORTE DE MINAS,0.5
Bertópolis,VALE DO MUCURI,0.25
Betim,METROPOLITANA DE BELO HORIZONTE,0.5964912280701754
Bias Fortes,ZONA DA MATA,0.0
Bicas,ZONA DA MATA,0.6923076923076923
Biquinhas,CENTRAL MINEIRA,0.25
Boa Esperança,SUL/SUDOESTE DE MINAS,0.5969387755102041
Bocaina de Minas,SUL/SUDOESTE DE MINAS,0.75
Bocaiúva,NORTE DE MINAS,0.7368421052631579
Bom Despacho,CENTRAL MINEIRA,0.6524064171122995
Bom Jardim de Minas,SUL/SUDOESTE DE MINAS,0.5833333333333334
Bom Jesus da Penha,SUL/SUDOESTE DE MINAS,0.6666666666666666
Bom Jesus do Amparo,METROPOLITANA DE BELO HORIZONTE,0.47619047619047616
Bom Jesus do Galho,VALE DO RIO DOCE,0.6333333333333333
Bom Repouso,SUL/SUDOESTE DE MINAS,0.36
Bom Sucesso,OESTE DE MINAS,0.7291666666666666
Bonfim,METROPOLITANA DE BELO HORIZONTE,0.375
Bonfinópolis de Minas,NOROESTE DE MINAS,0.7619047619047619
Bonito de Minas,NORTE DE MINAS,0.7333333333333333
Borda da Mata,SUL/SUDOESTE DE MINAS,0.18181818181818182
Botelhos,SUL/SUDOESTE DE MINAS,0.32142857142857145
Botumirim,NORTE DE MINAS,0.23529411764705882
Brasilândia de Minas,NOROESTE DE MINAS,0.3783783783783784
Brasília de Minas,NORTE DE MINAS,0.7608695652173914
Brazópolis,SUL/SUDOESTE DE MINAS,0.5833333333333334
Braúnas,VALE DO RIO DOCE,0.16666666666666666
Brumadinho,METROPOLITANA DE BELO HORIZONTE,0.5891472868217055
Brás Pires,ZONA DA MATA,0.6666666666666666
Bueno Brandão,SUL/SUDOESTE DE MINAS,0.7
Buenópolis,CENTRAL MINEIRA,0.5555555555555556
Bugre,VALE DO RIO DOCE,0.42857142857142855
Buritis,NOROESTE DE MINAS,0.8301886792452831
Buritizeiro,NORTE DE MINAS,0.6428571428571429
Cabeceira Grande,NOROESTE DE MINAS,0.7692307692307693
Cabo Verde,SUL/SUDOESTE DE MINAS,0.5
Cachoeira da Prata,METROPOLITANA DE BELO HORIZONTE,0.7777777777777778
Cachoeira de Minas,SUL/SUDOESTE DE MINAS,0.3333333333333333
Cachoeira de Pajeú,JEQUITINHONHA,0.5
Caetanópolis,METROPOLITANA DE BELO HORIZONTE,0.7058823529411765
Caeté,METROPOLITANA DE BELO HORIZONTE,0.5538461538461539
Caiana,ZONA DA MATA,0.3333333333333333
Cajuri,ZONA DA MATA,0.6
Caldas,SUL/SUDOESTE DE MINAS,0.8571428571428571
Camacho,OESTE DE MINAS,0.6666666666666666
Camanducaia,SUL/SUDOESTE DE MINAS,0.37777777777777777
Cambuquira,SUL/SUDOESTE DE MINAS,0.8571428571428571
Cambuí,SUL/SUDOESTE DE MINAS,0.4528301886792453
Campanha,SUL/SUDOESTE DE MINAS,0.5901639344262295
Campanário,VALE DO RIO DOCE,0.1
Campestre,SUL/SUDOESTE DE MINAS,0.4897959183673469
Campina Verde,TRIÂNGULO MINEIRO/ALTO PARANAÍBA,0.5576923076923077
Campo Azul,NORTE DE MINAS,0.5
Campo Belo,OESTE DE MINAS,0.5889830508474576
Campo Florido,TRIÂNGULO MINEIRO/ALTO PARANAÍBA,0.21428571428571427
Campo do Meio,SUL/SUDOESTE DE MINAS,0.4594594594594595
Campos Altos,TRIÂNGULO MINEIRO/ALTO PARANAÍBA,0.5476190476190477
Campos Gerais,SUL/SUDOESTE DE MINAS,0.6831683168316832
Cana Verde,OESTE DE MINAS,0.8125
Canaã,ZONA DA MATA,0.5
Candeias,OESTE DE MINAS,0.5384615384615384
Cantagalo,VALE DO RIO DOCE,0.3333333333333333
Canápolis,TRIÂNGULO MINEIRO/ALTO PARANAÍBA,0.42857142857142855
Caparaó,ZONA DA MATA,0.5
Capela Nova,CAMPO DAS VERTENTES,0.46153846153846156
Capelinha,JEQUITINHONHA,0.6377952755905512
Capetinga,SUL/SUDOESTE DE MINAS,0.3333333333333333
Capim Branco,METROPOLITANA DE BELO HORIZONTE,0.3333333333333333
Capinópolis,TRIÂNGULO MINEIRO/ALTO PARANAÍBA,0.42105263157894735
Capitão Andrade,VALE DO RIO DOCE,0.38461538461538464
Capitão Enéas,NORTE DE MINAS,0.5789473684210527
Capitólio,SUL/SUDOESTE DE MINAS,0.375
Caputira,ZONA DA MATA,0.6153846153846154
Caranaíba,CAMPO DAS VERTENTES,0.5454545454545454
Carandaí,CAMPO DAS VERTENTES,0.36
Carangola,ZONA DA MATA,0.8020833333333334
Caratinga,VALE DO RIO DOCE,0.6754098360655738
Caraí,JEQUITINHONHA,0.38461538461538464
Carbonita,JEQUITINHONHA,0.5714285714285714
Careaçu,SUL/SUDOESTE DE MINAS,0.7
Carlos Chagas,VALE DO MUCURI,0.675
Carmo da Cachoeira,SUL/SUDOESTE DE MINAS,0.5588235294117647
Carmo da Mata,OESTE DE MINAS,0.5172413793103449
Carmo de Minas,SUL/SUDOESTE DE MINAS,0.7407407407407407
Carmo do Cajuru,OESTE DE MINAS,0.4594594594594595
Carmo do Paranaíba,TRIÂNGULO MINEIRO/ALTO PARANAÍBA,0.6351351351351351
Carmo do Rio Claro,SUL/SUDOESTE DE MINAS,0.6212121212121212
Carmésia,VALE DO RIO DOCE,0.3333333333333333
Carmópolis de Minas,OESTE DE MINAS,0.6875
Carneirinho,TRIÂNGULO MINEIRO/ALTO PARANAÍBA,0.631578947368421
Carrancas,CAMPO DAS VERTENTES,0.5625
Carvalhos,SUL/SUDOESTE DE MINAS,0.6666666666666666
Carvalhópolis,SUL/SUDOESTE DE MINAS,0.75
Casa Grande,METROPOLITANA DE BELO HORIZONTE,0.75
Cascalho Rico,TRIÂNGULO MINEIRO/ALTO PARANAÍBA,0.5
Cataguases,ZONA DA MATA,0.6611111111111111
Catas Altas,METROPOLITANA DE BELO HORIZONTE,0.8666666666666667
Catas Altas da Noruega,METROPOLITANA DE BELO HORIZONTE,0.42857142857142855
Catuji,VALE DO MUCURI,0.875
Catuti,NORTE DE MINAS,0.4444444444444444
Caxambu,SUL/SUDOESTE DE MINAS,0.8279569892473119
Cedro do Abaeté,CENTRAL MINEIRA,1.0
Central de Minas,VALE DO RIO DOCE,0.25
Centralina,TRIÂNGULO MINEIRO/ALTO PARANAÍBA,0.4117647058823529
Chalé,ZONA DA MATA,0.4
Chapada Gaúcha,NORTE DE MINAS,0.35
Chapada do Norte,JEQUITINHONHA,0.6909090909090909
Chiador,ZONA DA MATA,0.0
Chácara,ZONA DA MATA,0.3333333333333333
Cipotânea,ZONA DA MATA,0.4
Claraval,SUL/SUDOESTE DE MINAS,0.16666666666666666
Claro dos Poções,NORTE DE MINAS,0.7272727272727273
Cláudio,OESTE DE MINAS,0.6916666666666667
Coimbra,ZONA DA MATA,0.6857142857142857
Coluna,VALE DO RIO DOCE,0.5
Comendador Gomes,TRIÂNGULO MINEIRO/ALTO PARANAÍBA,0.6153846153846154
Comercinho,JEQUITINHONHA,0.6363636363636364
Conceição da Aparecida,SUL/SUDOESTE DE MINAS,0.4444444444444444
Conceição da Barra de Minas,CAMPO DAS VERTENTES,0.4444444444444444
Conceição das Alagoas,TRIÂNGULO MINEIRO/ALTO PARANAÍBA,0.2987012987012987
Conceição das Pedras,SUL/SUDOESTE DE MINAS,0.4
Conceição de Ipanema,VALE DO RIO DOCE,0.2857142857142857
Conceição do Mato Dentro,METROPOLITANA DE BELO HORIZONTE,0.7
Conceição do Pará,OESTE DE MINAS,0.0
Conceição do Rio Verde,SUL/SUDOESTE DE MINAS,0.2631578947368421
Conceição dos Ouros,SUL/SUDOESTE DE MINAS,0.5384615384615384
Confins,METROPOLITANA DE BELO HORIZONTE,0.5714285714285714
Congonhal,SUL/SUDOESTE DE MINAS,0.23809523809523808
Congonhas,METROPOLITANA DE BELO HORIZONTE,0.8015564202334631
Congonhas do Norte,METROPOLITANA DE BELO HORIZONTE,0.5
Conquista,TRIÂNGULO MINEIRO/ALTO PARANAÍBA,0.42857142857142855
Conselheiro Lafaiete,METROPOLITANA DE BELO HORIZONTE,0.705078125
Conselheiro Pena,VALE DO RIO DOCE,0.6461538461538462
Consolação,SUL/SUDOESTE DE MINAS,0.0
Contagem,METROPOLITANA DE BELO HORIZONTE,0.6330071174377224
Coqueiral,SUL/SUDOESTE DE MINAS,0.6190476190476191
Coração de Jesus,NORTE DE MINAS,0.6304347826086957
Cordisburgo,METROPOLITANA DE BELO HORIZONTE,0.7647058823529411
Cordislândia,SUL/SUDOESTE DE MINAS,0.5
Corinto,CENTRAL MINEIRA,0.6666666666666666
Coroaci,VALE DO RIO DOCE,0.6666666666666666
Coromandel,TRIÂNGULO MINEIRO/ALTO PARANAÍBA,0.5806451612903226
Coronel Fabriciano,VALE DO RIO DOCE,0.6037151702786377
Coronel Murta,JEQUITINHONHA,0.4166666666666667
Coronel Pacheco,ZONA DA MATA,0.5
Coronel Xavier Chaves,CAMPO DAS VERTENTES,1.0
Couto de Magalhães de Minas,JEQUITINHONHA,0.5882352941176471
Cristais,OESTE DE MINAS,0.5
Cristiano Otoni,METROPOLITANA DE BELO HORIZONTE,0.42857142857142855
Cristina,SUL/SUDOESTE DE MINAS,0.3333333333333333
Cristália,NORTE DE MINAS,0.5
Crisólita,VALE DO MUCURI,0.5714285714285714
Crucilândia,METROPOLITANA DE BELO HORIZONTE,0.2727272727272727
Cruzeiro da Fortaleza,TRIÂNGULO MINEIRO/ALTO PARANAÍBA,0.42857142857142855
Cruzília,SUL/SUDOESTE DE MINAS,0.7380952380952381
Cuparaque,VALE DO RIO DOCE,0.625
Curral de Dentro,NORTE DE MINAS,0.75
Curvelo,CENTRAL MINEIRA,0.7088607594936709
Cássia,SUL/SUDOESTE DE MINAS,0.6190476190476191
Córrego Danta,OESTE DE MINAS,0.5
Córrego Fundo,OESTE DE MINAS,0.35
Córrego Novo,VALE DO RIO DOCE,0.6666666666666666
Córrego do Bom Jesus,SUL/SUDOESTE DE MINAS,0.7058823529411765
Cônego Marinho,NORTE DE MINAS,0.3888888888888889
Datas,JEQUITINHONHA,0.5862068965517241
Delfim Moreira,SUL/SUDOESTE DE MINAS,0.6363636363636364
Delfinópolis,SUL/SUDOESTE DE MINAS,0.5384615384615384
Delta,TRIÂNGULO MINEIRO/ALTO PARANAÍBA,0.5
Descoberto,ZONA DA MATA,0.8823529411764706
Desterro de Entre Rios,METROPOLITANA DE BELO HORIZONTE,0.7272727272727273
Desterro do Melo,CAMPO DAS VERTENTES,0.45454545454545453
Diamantina,JEQUITINHONHA,0.7818930041152263
Diogo de Vasconcelos,METROPOLITANA DE BELO HORIZONTE,0.75
Dionísio,METROPOLITANA DE BELO HORIZONTE,0.75
Divino,ZONA DA MATA,0.4634146341463415
Divino das Laranjeiras,VALE DO RIO DOCE,0.45454545454545453
Divinolândia de Minas,VALE DO RIO DOCE,0.8333333333333334
Divinésia,ZONA DA MATA,0.5
Divinópolis,OESTE DE MINAS,0.7182866556836903
Divisa Alegre,NORTE DE MINAS,0.5862068965517241
Divisa Nova,SUL/SUDOESTE DE MINAS,0.4444444444444444
Divisópolis,JEQUITINHONHA,0.47058823529411764
Dom Bosco,NOROESTE DE MINAS,0.625
Dom Cavati,VALE DO RIO DOCE,0.6666666666666666
Dom Joaquim,METROPOLITANA DE BELO HORIZONTE,0.3333333333333333
Dom Silvério,ZONA DA MATA,0.6
Dom Viçoso,SUL/SUDOESTE DE MINAS,0.0
Dona Euzébia,ZONA DA MATA,0.6666666666666666
Dores de Campos,CAMPO DAS VERTENTES,0.5
Dores de Guanhães,VALE DO RIO DOCE,0.6153846153846154
Dores do Indaiá,CENTRAL MINEIRA,0.5476190476190477
Dores do Turvo,ZONA DA MATA,0.6666666666666666
Doresópolis,OESTE DE MINAS,0.0
Douradoquara,TRIÂNGULO MINEIRO/ALTO PARANAÍBA,0.8
Durandé,ZONA DA MATA,0.2
Elói Mendes,SUL/SUDOESTE DE MINAS,0.525
Engenheiro Caldas,VALE DO RIO DOCE,0.75
Engenheiro Navarro,NORTE DE MINAS,0.46153846153846156
Entre Folhas,VALE DO RIO DOCE,0.6875
Entre Rios de Minas,METROPOLITANA DE BELO HORIZONTE,0.6557377049180327
Ervália,ZONA DA MATA,0.7627118644067796
Esmeraldas,METROPOLITANA DE BELO HORIZONTE,0.5221238938053098
Espera Feliz,ZONA DA MATA,0.6190476190476191
Espinosa,NORTE DE MINAS,0.5698924731182796
Espírito Santo do Dourado,SUL/SUDOESTE DE MINAS,0.2
Estiva,SUL/SUDOESTE DE MINAS,0.5
Estrela Dalva,ZONA DA MATA,0.0
Estrela do Indaiá,CENTRAL MINEIRA,0.8333333333333334
Estrela do Sul,TRIÂNGULO MINEIRO/ALTO PARANAÍBA,0.43243243243243246
Eugenópolis,ZONA DA MATA,0.4
Ewbank da Câmara,ZONA DA MATA,0.42857142857142855
Extrema,SUL/SUDOESTE DE MINAS,0.484472049689441
Fama,SUL/SUDOESTE DE MINAS,0.6
Faria Lemos,ZONA DA MATA,0.625
Felisburgo,JEQUITINHONHA,0.25
Felixlândia,CENTRAL MINEIRA,0.65
Felício dos Santos,JEQUITINHONHA,0.8888888888888888
Fernandes Tourinho,VALE DO RIO DOCE,0.4444444444444444
Ferros,METROPOLITANA DE BELO HORIZONTE,0.7777777777777778
Fervedouro,ZONA DA MATA,0.5416666666666666
Florestal,METROPOLITANA DE BELO HORIZONTE,0.8734177215189873
Formiga,OESTE DE MINAS,0.6243243243243243
Formoso,NOROESTE DE MINAS,0.6875
Fortaleza de Minas,SUL/SUDOESTE DE MINAS,0.5
Fortuna de Minas,METROPOLITANA DE BELO HORIZONTE,0.42857142857142855
Francisco Badaró,JEQUITINHONHA,0.4166666666666667
Francisco Dumont,NORTE DE MINAS,0.0
Francisco Sá,NORTE DE MINAS,0.7636363636363637
Franciscópolis,VALE DO MUCURI,0.3125
Frei Gaspar,VALE DO MUCURI,0.7777777777777778
Frei Inocêncio,VALE DO RIO DOCE,0.25
Frei Lagonegro,VALE DO RIO DOCE,0.6666666666666666
Fronteira,TRIÂNGULO MINEIRO/ALTO PARANAÍBA,0.4883720930232558
Fronteira dos Vales,VALE DO MUCURI,0.2
Fruta de Leite,NORTE DE MINAS,0.7
Frutal,TRIÂNGULO MINEIRO/ALTO PARANAÍBA,0.6445497630331753
Funilândia,METROPOLITANA DE BELO HORIZONTE,0.7142857142857143
Galiléia,VALE DO RIO DOCE,0.0
Gameleiras,NORTE DE MINAS,0.14285714285714285
Glaucilândia,NORTE DE MINAS,0.4
Goiabeira,VALE DO RIO DOCE,0.6666666666666666
Goianá,ZONA DA MATA,0.6086956521739131
Gonzaga,VALE DO RIO DOCE,0.3333333333333333
Gonçalves,SUL/SUDOESTE DE MINAS,0.125
Gouveia,JEQUITINHONHA,0.5483870967741935
Governador Valadares,VALE DO RIO DOCE,0.6828571428571428
Grupiara,TRIÂNGULO MINEIRO/ALTO PARANAÍBA,0.8333333333333334
Grão Mogol,NORTE DE MINAS,0.5
Guanhães,VALE DO RIO DOCE,0.5566037735849056
Guapé,SUL/SUDOESTE DE MINAS,0.2571428571428571
Guaraciaba,ZONA DA MATA,0.6153846153846154
Guaraciama,NORTE DE MINAS,0.6153846153846154
Guarani,ZONA DA MATA,0.5
Guaranésia,SUL/SUDOESTE DE MINAS,0.6578947368421053
Guarará,ZONA DA MATA,0.5
Guarda-Mor,NOROESTE DE MINAS,0.8
Guaxupé,SUL/SUDOESTE DE MINAS,0.6335403726708074
Guidoval,ZONA DA MATA,0.4
Guimarânia,TRIÂNGULO MINEIRO/ALTO PARANAÍBA,0.5714285714285714
Guiricema,ZONA DA MATA,0.9666666666666667
Gurinhatã,TRIÂNGULO MINEIRO/ALTO PARANAÍBA,0.16666666666666666
Heliodora,SUL/SUDOESTE DE MINAS,0.4375
Iapu,VALE DO RIO DOCE,0.5428571428571428
Ibertioga,CAMPO DAS VERTENTES,0.5
Ibiaí,NORTE DE MINAS,0.4166666666666667
Ibiracatu,NORTE DE MINAS,0.5
Ibiraci,SUL/SUDOESTE DE MINAS,0.5
Ibirité,METROPOLITANA DE BELO HORIZONTE,0.4983922829581994
Ibitiúra de Minas,SUL/SUDOESTE DE MINAS,0.4
Ibituruna,OESTE DE MINAS,0.2
Ibiá,TRIÂNGULO MINEIRO/ALTO PARANAÍBA,0.5882352941176471
Icaraí de Minas,NORTE DE MINAS,0.5
Igarapé,METROPOLITANA DE BELO HORIZONTE,0.5504587155963303
Igaratinga,OESTE DE MINAS,0.14285714285714285
Iguatama,OESTE DE MINAS,0.5
Ijaci,CAMPO DAS VERTENTES,0.6206896551724138
Ilicínea,SUL/SUDOESTE DE MINAS,0.47368421052631576
Imbé de Minas,VALE DO RIO DOCE,0.2
Inconfidentes,SUL/SUDOESTE DE MINAS,0.7216494845360825
Indaiabira,NORTE DE MINAS,0.7142857142857143
Indianópolis,TRIÂNGULO MINEIRO/ALTO PARANAÍBA,0.625
Ingaí,CAMPO DAS VERTENTES,0.8333333333333334
Inhapim,VALE DO RIO DOCE,0.5857142857142857
Inhaúma,METROPOLITANA DE BELO HORIZONTE,0.5555555555555556
Inimutaba,CENTRAL MINEIRA,1.0
Ipaba,VALE DO RIO DOCE,0.5
Ipanema,VALE DO RIO DOCE,0.4126984126984127
Ipatinga,VALE DO RIO DOCE,0.6826758147512865
Ipiaçu,TRIÂNGULO MINEIRO/ALTO PARANAÍBA,0.8
Ipuiúna,SUL/SUDOESTE DE MINAS,0.47619047619047616
Iraí de Minas,TRIÂNGULO MINEIRO/ALTO PARANAÍBA,0.6153846153846154
Itabira,METROPOLITANA DE BELO HORIZONTE,0.7602339181286549
Itabirinha,VALE DO RIO DOCE,0.6666666666666666
Itabirito,METROPOLITANA DE BELO HORIZONTE,0.6127167630057804
Itacambira,NORTE DE MINAS,0.8421052631578947
Itacarambi,NORTE DE MINAS,0.5555555555555556
Itaguara,METROPOLITANA DE BELO HORIZONTE,0.7391304347826086
Itaipé,VALE DO MUCURI,0.7
Itajubá,SUL/SUDOESTE DE MINAS,0.6603053435114504
Itamarandiba,JEQUITINHONHA,0.6829268292682927
Itamarati de Minas,ZONA DA MATA,0.4444444444444444
Itambacuri,VALE DO RIO DOCE,0.4418604651162791
Itambé do Mato Dentro,METROPOLITANA DE BELO HORIZONTE,0.75
Itamogi,SUL/SUDOESTE DE MINAS,0.7368421052631579
Itamonte,SUL/SUDOESTE DE MINAS,0.5625
Itanhandu,SUL/SUDOESTE DE MINAS,0.6714285714285714
Itanhomi,VALE DO RIO DOCE,0.5666666666666667
Itaobim,JEQUITINHONHA,0.5862068965517241
Itapagipe,TRIÂNGULO MINEIRO/ALTO PARANAÍBA,0.6833333333333333
Itapecerica,OESTE DE MINAS,0.6491228070175439
Itapeva,SUL/SUDOESTE DE MINAS,0.4230769230769231
Itatiaiuçu,METROPOLITANA DE BELO HORIZONTE,0.3888888888888889
Itaverava,METROPOLITANA DE BELO HORIZONTE,0.4
Itaú de Minas,SUL/SUDOESTE DE MINAS,0.6923076923076923
Itaúna,OESTE DE MINAS,0.6666666666666666
Itinga,JEQUITINHONHA,0.375
Itueta,VALE DO RIO DOCE,0.75
Ituiutaba,TRIÂNGULO MINEIRO/ALTO PARANAÍBA,0.6630901287553648
Itumirim,CAMPO DAS VERTENTES,0.6666666666666666
Iturama,TRIÂNGULO MINEIRO/ALTO PARANAÍBA,0.5960264900662252
Itutinga,CAMPO DAS VERTENTES,0.8
JEQUITINHONHA,JEQUITINHONHA,0.6764705882352942
Jaboticatubas,METROPOLITANA DE BELO HORIZONTE,0.5918367346938775
Jacinto,JEQUITINHONHA,0.5
Jacutinga,SUL/SUDOESTE DE MINAS,0.46534653465346537
Jacuí,SUL/SUDOESTE DE MINAS,0.6
Jaguaraçu,VALE DO RIO DOCE,0.6666666666666666
Jampruca,VALE DO RIO DOCE,0.5
Janaúba,NORTE DE MINAS,0.7748344370860927
Januária,NORTE DE MINAS,0.7375
Japaraíba,CENTRAL MINEIRA,0.4782608695652174
Japonvar,NORTE DE MINAS,0.75
Jaíba,NORTE DE MINAS,0.5569620253164557
Jeceaba,METROPOLITANA DE BELO HORIZONTE,0.25
Jenipapo de Minas,JEQUITINHONHA,0.42857142857142855
Jequeri,ZONA DA MATA,0.4666666666666667
Jequitaí,NORTE DE MINAS,0.8461538461538461
Jequitibá,METROPOLITANA DE BELO HORIZONTE,0.25
Jesuânia,SUL/SUDOESTE DE MINAS,0.2
Joanésia,VALE DO RIO DOCE,0.3333333333333333
Joaquim Felício,CENTRAL MINEIRA,0.5833333333333334
Joaíma,JEQUITINHONHA,0.21428571428571427
Jordânia,JEQUITINHONHA,0.5384615384615384
Josenópolis,NORTE DE MINAS,0.42857142857142855
José Gonçalves de Minas,JEQUITINHONHA,0.6666666666666666
José Raydan,VALE DO RIO DOCE,1.0
João Monlevade,METROPOLITANA DE BELO HORIZONTE,0.7063953488372093
João Pinheiro,NOROESTE DE MINAS,0.6402439024390244
Juatuba,METROPOLITANA DE BELO HORIZONTE,0.45
Juiz de Fora,ZONA DA MATA,0.7533596837944664
Juramento,NORTE DE MINAS,0.6666666666666666
Juruaia,SUL/SUDOESTE DE MINAS,0.45454545454545453
Juvenília,NORTE DE MINAS,0.6153846153846154
Ladainha,VALE DO MUCURI,0.42105263157894735
Lagamar,NOROESTE DE MINAS,0.3684210526315789
Lagoa Dourada,CAMPO DAS VERTENTES,0.74
Lagoa Formosa,TRIÂNGULO MINEIRO/ALTO PARANAÍBA,0.475
Lagoa Grande,NOROESTE DE MINAS,0.55
Lagoa Santa,METROPOLITANA DE BELO HORIZONTE,0.7008547008547008
Lagoa da Prata,CENTRAL MINEIRA,0.5847953216374269
Lagoa dos Patos,NORTE DE MINAS,0.3333333333333333
Lajinha,ZONA DA MATA,0.45
Lambari,SUL/SUDOESTE DE MINAS,0.5217391304347826
Lamim,ZONA DA MATA,0.25
Laranjal,ZONA DA MATA,0.3333333333333333
Lassance,NORTE DE MINAS,0.16666666666666666
Lavras,CAMPO DAS VERTENTES,0.7874396135265701
Leandro Ferreira,CENTRAL MINEIRA,0.125
Leme do Prado,JEQUITINHONHA,0.6666666666666666
Leopoldina,ZONA DA MATA,0.7509578544061303
Liberdade,SUL/SUDOESTE DE MINAS,0.5454545454545454
Lima Duarte,ZONA DA MATA,0.6666666666666666
Limeira do Oeste,TRIÂNGULO MINEIRO/ALTO PARANAÍBA,0.48484848484848486
Lontra,NORTE DE MINAS,0.6521739130434783
Luisburgo,ZONA DA MATA,0.5
Luislândia,NORTE DE MINAS,0.6666666666666666
Luminárias,CAMPO DAS VERTENTES,0.8461538461538461
Luz,CENTRAL MINEIRA,0.5714285714285714
Machacalis,VALE DO MUCURI,0.8571428571428571
Machado,SUL/SUDOESTE DE MINAS,0.7522123893805309
Madre de Deus de Minas,CAMPO DAS VERTENTES,0.6153846153846154
Malacacheta,VALE DO MUCURI,0.3877551020408163
Mamonas,NORTE DE MINAS,1.0
Manga,NORTE DE MINAS,0.631578947368421
Manhuaçu,ZONA DA MATA,0.580441640378549
Manhumirim,ZONA DA MATA,0.4576271186440678
Mantena,VALE DO RIO DOCE,0.5238095238095238
Mar de Espanha,ZONA DA MATA,0.43902439024390244
Maravilhas,METROPOLITANA DE BELO HORIZONTE,0.2857142857142857
Maria da Fé,SUL/SUDOESTE DE MINAS,0.6962025316455697
Mariana,METROPOLITANA DE BELO HORIZONTE,0.5357142857142857
Marilac,VALE DO RIO DOCE,0.4166666666666667
Maripá de Minas,ZONA DA MATA,0.7142857142857143
Marliéria,VALE DO RIO DOCE,0.6666666666666666
Marmelópolis,SUL/SUDOESTE DE MINAS,0.625
Martinho Campos,CENTRAL MINEIRA,0.6756756756756757
Martins Soares,ZONA DA MATA,0.4
Mata Verde,JEQUITINHONHA,0.6363636363636364
Materlândia,VALE DO RIO DOCE,0.5555555555555556
Mateus Leme,METROPOLITANA DE BELO HORIZONTE,0.5783132530120482
Mathias Lobato,VALE DO RIO DOCE,1.0
Matias Barbosa,ZONA DA MATA,0.6666666666666666
Matias Cardoso,NORTE DE MINAS,0.375
Matipó,ZONA DA MATA,0.6521739130434783
Mato Verde,NORTE DE MINAS,0.5769230769230769
Matozinhos,METROPOLITANA DE BELO HORIZONTE,0.5691056910569106
Matutina,TRIÂNGULO MINEIRO/ALTO PARANAÍBA,0.5
Medeiros,OESTE DE MINAS,0.0
Medina,JEQUITINHONHA,0.5161290322580645
Mendes Pimentel,VALE DO RIO DOCE,0.3076923076923077
Mercês,ZONA DA MATA,0.2222222222222222
Mesquita,VALE DO RIO DOCE,0.75
Minas Novas,JEQUITINHONHA,0.4925373134328358
Minduri,SUL/SUDOESTE DE MINAS,0.5
Mirabela,NORTE DE MINAS,0.6428571428571429
Miradouro,ZONA DA MATA,0.7857142857142857
Miravânia,NORTE DE MINAS,0.3333333333333333
Miraí,ZONA DA MATA,0.3333333333333333
Moeda,METROPOLITANA DE BELO HORIZONTE,0.3333333333333333
Moema,CENTRAL MINEIRA,0.4
Monjolos,CENTRAL MINEIRA,0.5
Monsenhor Paulo,SUL/SUDOESTE DE MINAS,0.2777777777777778
Montalvânia,NORTE DE MINAS,0.7241379310344828
Monte Alegre de Minas,TRIÂNGULO MINEIRO/ALTO PARANAÍBA,0.6410256410256411
Monte Azul,NORTE DE MINAS,0.7045454545454546
Monte Belo,SUL/SUDOESTE DE MINAS,0.30434782608695654
Monte Carmelo,TRIÂNGULO MINEIRO/ALTO PARANAÍBA,0.6666666666666666
Monte Formoso,JEQUITINHONHA,0.3333333333333333
Monte Santo de Minas,SUL/SUDOESTE DE MINAS,0.5084745762711864
Monte Sião,SUL/SUDOESTE DE MINAS,0.627906976744186
Montes Claros,NORTE DE MINAS,0.7328699106256207
Montezuma,NORTE DE MINAS,0.42857142857142855
Morada Nova de Minas,CENTRAL MINEIRA,0.38461538461538464
Morro da Garça,CENTRAL MINEIRA,1.0
Morro do Pilar,METROPOLITANA DE BELO HORIZONTE,0.25
Munhoz,SUL/SUDOESTE DE MINAS,0.4444444444444444
Muriaé,ZONA DA MATA,0.6823770491803278
Mutum,VALE DO RIO DOCE,0.6323529411764706
Muzambinho,SUL/SUDOESTE DE MINAS,0.7272727272727273
Mário Campos,METROPOLITANA DE BELO HORIZONTE,0.5833333333333334
Nacip Raydan,VALE DO RIO DOCE,0.8333333333333334
Nanuque,VALE DO MUCURI,0.5428571428571428
Naque,VALE DO RIO DOCE,0.5333333333333333
Natalândia,NOROESTE DE MINAS,0.6774193548387096
Natércia,SUL/SUDOESTE DE MINAS,0.5
Nazareno,CAMPO DAS VERTENTES,0.625
Nepomuceno,CAMPO DAS VERTENTES,0.6956521739130435
Ninheira,NORTE DE MINAS,0.5
Nova Belém,VALE DO RIO DOCE,0.2857142857142857
Nova Era,METROPOLITANA DE BELO HORIZONTE,0.75
Nova Lima,METROPOLITANA DE BELO HORIZONTE,0.6445012787723785
Nova Módica,VALE DO RIO DOCE,0.6666666666666666
Nova Ponte,TRIÂNGULO MINEIRO/ALTO PARANAÍBA,0.4782608695652174
Nova Porteirinha,NORTE DE MINAS,0.2857142857142857
Nova Resende,SUL/SUDOESTE DE MINAS,0.44
Nova Serrana,OESTE DE MINAS,0.45229681978798586
Nova União,METROPOLITANA DE BELO HORIZONTE,0.6363636363636364
Novo Cruzeiro,JEQUITINHONHA,0.45
Novo Oriente de Minas,VALE DO MUCURI,0.5384615384615384
Novorizonte,NORTE DE MINAS,0.5833333333333334
Olaria,ZONA DA MATA,0.5
Olhos-d'Água,NORTE DE MINAS,0.75
Oliveira,OESTE DE MINAS,0.7213114754098361
Oliveira Fortes,ZONA DA MATA,1.0
Olímpio Noronha,SUL/SUDOESTE DE MINAS,0.6363636363636364
Onça de Pitangui,METROPOLITANA DE BELO HORIZONTE,0.6666666666666666
Oratórios,ZONA DA MATA,0.5
Orizânia,ZONA DA MATA,0.125
Ouro Branco,METROPOLITANA DE BELO HORIZONTE,0.7982456140350878
Ouro Fino,SUL/SUDOESTE DE MINAS,0.49572649572649574
Ouro Preto,METROPOLITANA DE BELO HORIZONTE,0.697560975609756
Ouro Verde de Minas,VALE DO MUCURI,0.6
Padre Carvalho,NORTE DE MINAS,0.25
Padre Paraíso,JEQUITINHONHA,0.42857142857142855
Pai Pedro,NORTE DE MINAS,0.5
Paineiras,CENTRAL MINEIRA,0.5384615384615384
Pains,OESTE DE MINAS,0.4
Paiva,ZONA DA MATA,0.6666666666666666
Palma,ZONA DA MATA,0.6363636363636364
Palmópolis,JEQUITINHONHA,0.45454545454545453
Papagaios,METROPOLITANA DE BELO HORIZONTE,0.6
Paracatu,NOROESTE DE MINAS,0.6548463356973995
Paraguaçu,SUL/SUDOESTE DE MINAS,0.41025641025641024
Paraisópolis,SUL/SUDOESTE DE MINAS,0.6818181818181818
Paraopeba,METROPOLITANA DE BELO HORIZONTE,0.7846153846153846
Pará de Minas,METROPOLITANA DE BELO HORIZONTE,0.5718849840255591
Passa Quatro,SUL/SUDOESTE DE MINAS,0.6111111111111112
Passa Tempo,OESTE DE MINAS,0.3125
Passa Vinte,SUL/SUDOESTE DE MINAS,0.4
Passabém,METROPOLITANA DE BELO HORIZONTE,0.8
Passos,SUL/SUDOESTE DE MINAS,0.7124060150375939
Patis,NORTE DE MINAS,0.4444444444444444
Patos de Minas,TRIÂNGULO MINEIRO/ALTO PARANAÍBA,0.6567796610169492
Patrocínio,TRIÂNGULO MINEIRO/ALTO PARANAÍBA,0.6394736842105263
Patrocínio do Muriaé,ZONA DA MATA,0.6
Paula Cândido,ZONA DA MATA,0.8571428571428571
Paulistas,VALE DO RIO DOCE,0.3333333333333333
Pavão,VALE DO MUCURI,0.46153846153846156
Pedra Azul,JEQUITINHONHA,0.4666666666666667
Pedra Bonita,ZONA DA MATA,0.5
Pedra Dourada,ZONA DA MATA,0.6666666666666666
Pedra do Anta,ZONA DA MATA,0.6666666666666666
Pedra do Indaiá,OESTE DE MINAS,0.3333333333333333
Pedralva,SUL/SUDOESTE DE MINAS,0.76
Pedras de Maria da Cruz,NORTE DE MINAS,0.5
Pedrinópolis,TRIÂNGULO MINEIRO/ALTO PARANAÍBA,0.2
Pedro Leopoldo,METROPOLITANA DE BELO HORIZONTE,0.6685082872928176
Pedro Teixeira,ZONA DA MATA,0.25
Pequeri,ZONA DA MATA,0.5
Pequi,METROPOLITANA DE BELO HORIZONTE,0.0
Perdigão,OESTE DE MINAS,0.42857142857142855
Perdizes,TRIÂNGULO MINEIRO/ALTO PARANAÍBA,0.22727272727272727
Perdões,OESTE DE MINAS,0.6190476190476191
Periquito,VALE DO RIO DOCE,0.5
Peçanha,VALE DO RIO DOCE,0.6363636363636364
Piau,ZONA DA MATA,0.0
Piedade de Caratinga,VALE DO RIO DOCE,0.5384615384615384
Piedade de Ponte Nova,ZONA DA MATA,0.75
Piedade do Rio Grande,CAMPO DAS VERTENTES,0.75
Piedade dos Gerais,METROPOLITANA DE BELO HORIZONTE,0.25
Pimenta,OESTE DE MINAS,0.5714285714285714
Pingo d'Água,VALE DO RIO DOCE,0.8
Pintópolis,NORTE DE MINAS,0.6153846153846154
Piracema,OESTE DE MINAS,0.7
Pirajuba,TRIÂNGULO MINEIRO/ALTO PARANAÍBA,0.6
Piranga,ZONA DA MATA,0.65
Piranguinho,SUL/SUDOESTE DE MINAS,0.5789473684210527
Piranguçu,SUL/SUDOESTE DE MINAS,0.6
Pirapetinga,ZONA DA MATA,0.68
Pirapora,NORTE DE MINAS,0.6944444444444444
Piraúba,ZONA DA MATA,0.5227272727272727
Pitangui,METROPOLITANA DE BELO HORIZONTE,0.75
Piumhi,OESTE DE MINAS,0.6808510638297872
Planura,TRIÂNGULO MINEIRO/ALTO PARANAÍBA,0.25
Pocrane,VALE DO RIO DOCE,0.6428571428571429
Pompéu,CENTRAL MINEIRA,0.5970149253731343
Ponte Nova,ZONA DA MATA,0.7227272727272728
Ponto Chique,NORTE DE MINAS,0.3333333333333333
Ponto dos Volantes,JEQUITINHONHA,0.21739130434782608
Porteirinha,NORTE DE MINAS,0.7533333333333333
Porto Firme,ZONA DA MATA,0.5714285714285714
Poté,VALE DO MUCURI,0.78125
Pouso Alegre,SUL/SUDOESTE DE MINAS,0.6073131955484896
Pouso Alto,SUL/SUDOESTE DE MINAS,0.3333333333333333
Poço Fundo,SUL/SUDOESTE DE MINAS,0.7083333333333334
Poços de Caldas,SUL/SUDOESTE DE MINAS,0.6099071207430341
Prados,CAMPO DAS VERTENTES,0.75
Prata,TRIÂNGULO MINEIRO/ALTO PARANAÍBA,0.4166666666666667
Pratinha,TRIÂNGULO MINEIRO/ALTO PARANAÍBA,0.6
Pratápolis,SUL/SUDOESTE DE MINAS,0.2727272727272727
Presidente Bernardes,ZONA DA MATA,0.6842105263157895
Presidente Juscelino,CENTRAL MINEIRA,0.6666666666666666
Presidente Kubitschek,JEQUITINHONHA,0.6111111111111112
Presidente Olegário,NOROESTE DE MINAS,0.5
Prudente de Morais,METROPOLITANA DE BELO HORIZONTE,0.6363636363636364
Quartel Geral,CENTRAL MINEIRA,0.4166666666666667
Queluzito,METROPOLITANA DE BELO HORIZONTE,0.0
Raposos,METROPOLITANA DE BELO HORIZONTE,0.5454545454545454
Raul Soares,ZONA DA MATA,0.6666666666666666
Recreio,ZONA DA MATA,0.6571428571428571
Reduto,ZONA DA MATA,0.5
Resende Costa,CAMPO DAS VERTENTES,0.7659574468085106
Resplendor,VALE DO RIO DOCE,0.5555555555555556
Ressaquinha,CAMPO DAS VERTENTES,0.36363636363636365
Riachinho,NORTE DE MINAS,0.625
Riacho dos Machados,NORTE DE MINAS,0.4
Ribeirão Vermelho,CAMPO DAS VERTENTES,0.6666666666666666
Ribeirão das Neves,METROPOLITANA DE BELO HORIZONTE,0.554089709762533
Rio Acima,METROPOLITANA DE BELO HORIZONTE,0.4166666666666667
Rio Casca,ZONA DA MATA,0.5869565217391305
Rio Doce,ZONA DA MATA,0.6666666666666666
Rio Espera,ZONA DA MATA,0.65
Rio Manso,METROPOLITANA DE BELO HORIZONTE,0.6
Rio Novo,ZONA DA MATA,0.3333333333333333
Rio Paranaíba,TRIÂNGULO MINEIRO/ALTO PARANAÍBA,0.6481481481481481
Rio Pardo de Minas,NORTE DE MINAS,0.5789473684210527
Rio Piracicaba,METROPOLITANA DE BELO HORIZONTE,0.5714285714285714
Rio Pomba,ZONA DA MATA,0.8108108108108109
Rio Preto,ZONA DA MATA,0.5
Rio Vermelho,METROPOLITANA DE BELO HORIZONTE,0.38461538461538464
Rio do Prado,JEQUITINHONHA,0.5
Ritápolis,CAMPO DAS VERTENTES,0.5
Rochedo de Minas,ZONA DA MATA,0.6666666666666666
Rodeiro,ZONA DA MATA,0.4090909090909091
Romaria,TRIÂNGULO MINEIRO/ALTO PARANAÍBA,0.8
Rosário da Limeira,ZONA DA MATA,0.5263157894736842
Rubelita,NORTE DE MINAS,0.3
Rubim,JEQUITINHONHA,0.42105263157894735
Sabará,METROPOLITANA DE BELO HORIZONTE,0.5957446808510638
Sabinópolis,VALE DO RIO DOCE,0.6176470588235294
Sacramento,TRIÂNGULO MINEIRO/ALTO PARANAÍBA,0.5079365079365079
Salinas,NORTE DE MINAS,0.731404958677686
Salto da Divisa,JEQUITINHONHA,0.8333333333333334
Santa Bárbara,METROPOLITANA DE BELO HORIZONTE,0.6626506024096386
Santa Bárbara do Leste,VALE DO RIO DOCE,0.47619047619047616
Santa Bárbara do Monte Verde,ZONA DA MATA,0.6
Santa Bárbara do Tugúrio,CAMPO DAS VERTENTES,0.5
Santa Cruz de Minas,CAMPO DAS VERTENTES,0.375
Santa Cruz de Salinas,NORTE DE MINAS,0.6
Santa Cruz do Escalvado,ZONA DA MATA,0.5
Santa Efigênia de Minas,VALE DO RIO DOCE,0.3333333333333333
Santa Fé de Minas,NORTE DE MINAS,0.4
Santa Helena de Minas,VALE DO MUCURI,0.5909090909090909
Santa Juliana,TRIÂNGULO MINEIRO/ALTO PARANAÍBA,0.5
Santa Luzia,METROPOLITANA DE BELO HORIZONTE,0.5957446808510638
Santa Margarida,ZONA DA MATA,0.5
Santa Maria de Itabira,METROPOLITANA DE BELO HORIZONTE,0.5909090909090909
Santa Maria do Salto,JEQUITINHONHA,0.38461538461538464
Santa Maria do Suaçuí,VALE DO RIO DOCE,0.48148148148148145
Santa Rita de Caldas,SUL/SUDOESTE DE MINAS,0.4444444444444444
Santa Rita de Ibitipoca,ZONA DA MATA,0.5
Santa Rita de Jacutinga,ZONA DA MATA,1.0
Santa Rita de Minas,VALE DO RIO DOCE,0.5416666666666666
Santa Rita do Itueto,VALE DO RIO DOCE,0.0
Santa Rita do Sapucaí,SUL/SUDOESTE DE MINAS,0.4266666666666667
Santa Rosa da Serra,TRIÂNGULO MINEIRO/ALTO PARANAÍBA,0.0
Santa Vitória,TRIÂNGULO MINEIRO/ALTO PARANAÍBA,0.42424242424242425
Santana da Vargem,SUL/SUDOESTE DE MINAS,0.35714285714285715
Santana de Cataguases,ZONA DA MATA,0.0
Santana de Pirapama,METROPOLITANA DE BELO HORIZONTE,0.3
Santana do Deserto,ZONA DA MATA,0.42857142857142855
Santana do Garambéu,CAMPO DAS VERTENTES,0.3333333333333333
Santana do Jacaré,OESTE DE MINAS,0.0
Santana do Manhuaçu,ZONA DA MATA,0.1
Santana do Paraíso,VALE DO RIO DOCE,0.45714285714285713
Santana do Riacho,METROPOLITANA DE BELO HORIZONTE,0.5454545454545454
Santana dos Montes,METROPOLITANA DE BELO HORIZONTE,0.5
Santo Antônio do Amparo,OESTE DE MINAS,0.6086956521739131
Santo Antônio do Aventureiro,ZONA DA MATA,0.5
Santo Antônio do Grama,ZONA DA MATA,0.3333333333333333
Santo Antônio do Itambé,METROPOLITANA DE BELO HORIZONTE,0.1111111111111111
Santo Antônio do Jacinto,JEQUITINHONHA,0.10526315789473684
Santo Antônio do Monte,OESTE DE MINAS,0.6
Santo Antônio do Retiro,NORTE DE MINAS,0.6363636363636364
Santo Antônio do Rio Abaixo,METROPOLITANA DE BELO HORIZONTE,0.6
Santo Hipólito,CENTRAL MINEIRA,0.2
Santos Dumont,ZONA DA MATA,0.65
Sapucaí-Mirim,SUL/SUDOESTE DE MINAS,0.25
Sardoá,VALE DO RIO DOCE,0.7142857142857143
Sarzedo,METROPOLITANA DE BELO HORIZONTE,0.3389830508474576
Sem-Peixe,ZONA DA MATA,0.3333333333333333
Senador Amaral,SUL/SUDOESTE DE MINAS,0.4166666666666667
Senador Cortes,ZONA DA MATA,0.4666666666666667
Senador Firmino,ZONA DA MATA,0.4444444444444444
Senador José Bento,SUL/SUDOESTE DE MINAS,0.25
Senador Modestino Gonçalves,JEQUITINHONHA,0.4782608695652174
Senhora de Oliveira,ZONA DA MATA,0.6666666666666666
Senhora do Porto,VALE DO RIO DOCE,0.5714285714285714
Senhora dos Remédios,CAMPO DAS VERTENTES,0.7272727272727273
Sericita,ZONA DA MATA,0.38461538461538464
Seritinga,SUL/SUDOESTE DE MINAS,0.5
Serra Azul de Minas,METROPOLITANA DE BELO HORIZONTE,0.5
Serra do Salitre,TRIÂNGULO MINEIRO/ALTO PARANAÍBA,0.29411764705882354
Serra dos Aimorés,VALE DO MUCURI,0.25
Serrania,SUL/SUDOESTE DE MINAS,0.6923076923076923
Serranos,SUL/SUDOESTE DE MINAS,0.2
Serranópolis de Minas,NORTE DE MINAS,0.8
Serro,METROPOLITANA DE BELO HORIZONTE,0.5454545454545454
Sete Lagoas,METROPOLITANA DE BELO HORIZONTE,0.6891891891891891
Setubinha,VALE DO MUCURI,0.4444444444444444
Silveirânia,ZONA DA MATA,0.6
Silvianópolis,SUL/SUDOESTE DE MINAS,0.5555555555555556
Simonésia,ZONA DA MATA,0.5806451612903226
Simão Pereira,ZONA DA MATA,0.0
Sobrália,VALE DO RIO DOCE,0.5714285714285714
Soledade de Minas,SUL/SUDOESTE DE MINAS,0.16666666666666666
São Bento Abade,SUL/SUDOESTE DE MINAS,0.5
São Brás do Suaçuí,METROPOLITANA DE BELO HORIZONTE,0.6666666666666666
São Domingos das Dores,VALE DO RIO DOCE,0.7692307692307693
São Domingos do Prata,METROPOLITANA DE BELO HORIZONTE,0.7027027027027027
São Francisco,NORTE DE MINAS,0.6326530612244898
São Francisco de Paula,OESTE DE MINAS,0.2222222222222222
São Francisco de Sales,TRIÂNGULO MINEIRO/ALTO PARANAÍBA,0.7777777777777778
São Francisco do Glória,ZONA DA MATA,0.75
São Félix de Minas,VALE DO RIO DOCE,1.0
São Geraldo,ZONA DA MATA,0.5666666666666667
São Geraldo da Piedade,VALE DO RIO DOCE,0.6666666666666666
São Geraldo do Baixio,VALE DO RIO DOCE,0.6666666666666666
São Gonçalo do Abaeté,NOROESTE DE MINAS,0.5
São Gonçalo do Pará,OESTE DE MINAS,0.2857142857142857
São Gonçalo do Rio Abaixo,METROPOLITANA DE BELO HORIZONTE,0.375
São Gonçalo do Rio Preto,JEQUITINHONHA,0.5714285714285714
São Gonçalo do Sapucaí,SUL/SUDOESTE DE MINAS,0.6595744680851063
São Gotardo,TRIÂNGULO MINEIRO/ALTO PARANAÍBA,0.6439393939393939
São Joaquim de Bicas,METROPOLITANA DE BELO HORIZONTE,0.48148148148148145
São José da Barra,SUL/SUDOESTE DE MINAS,0.75
São José da Lapa,METROPOLITANA DE BELO HORIZONTE,0.5
São José da Safira,VALE DO RIO DOCE,0.2
São José da Varginha,METROPOLITANA DE BELO HORIZONTE,0.6666666666666666
São José do Alegre,SUL/SUDOESTE DE MINAS,0.65
São José do Divino,VALE DO RIO DOCE,0.6666666666666666
São José do Goiabal,METROPOLITANA DE BELO HORIZONTE,0.7272727272727273
São José do Jacuri,VALE DO RIO DOCE,0.8
São José do Mantimento,ZONA DA MATA,0.5555555555555556
São João Batista do Glória,SUL/SUDOESTE DE MINAS,0.5555555555555556
São João Evangelista,VALE DO RIO DOCE,0.7928571428571428
São João Nepomuceno,ZONA DA MATA,0.8947368421052632
São João da Lagoa,NORTE DE MINAS,0.7692307692307693
São João da Mata,SUL/SUDOESTE DE MINAS,0.3333333333333333
São João da Ponte,NORTE DE MINAS,0.42857142857142855
São João das Missões,NORTE DE MINAS,0.75
São João del Rei,CAMPO DAS VERTENTES,0.7352185089974294
São João do Manhuaçu,ZONA DA MATA,0.7083333333333334
São João do Manteninha,VALE DO RIO DOCE,0.25
São João do Oriente,VALE DO RIO DOCE,0.5862068965517241
São João do Pacuí,NORTE DE MINAS,0.2857142857142857
São João do Paraíso,NORTE DE MINAS,0.66
São Lourenço,SUL/SUDOESTE DE MINAS,0.6612021857923497
São Miguel do Anta,ZONA DA MATA,0.7727272727272727
São Pedro da União,SUL/SUDOESTE DE MINAS,1.0
São Pedro do Suaçuí,VALE DO RIO DOCE,0.6666666666666666
São Pedro dos Ferros,ZONA DA MATA,0.6470588235294118
São Romão,NORTE DE MINAS,0.75
São Roque de Minas,OESTE DE MINAS,0.46153846153846156
São Sebastião da Bela Vista,SUL/SUDOESTE DE MINAS,0.2727272727272727
São Sebastião da Vargem Alegre,ZONA DA MATA,0.75
São Sebastião do Anta,VALE DO RIO DOCE,0.3333333333333333
São Sebastião do Maranhão,VALE DO RIO DOCE,0.6
São Sebastião do Oeste,OESTE DE MINAS,0.5714285714285714
São Sebastião do Paraíso,SUL/SUDOESTE DE MINAS,0.6265060240963856
São Sebastião do Rio Preto,METROPOLITANA DE BELO HORIZONTE,0.75
São Sebastião do Rio Verde,SUL/SUDOESTE DE MINAS,0.25
São Thomé das Letras,SUL/SUDOESTE DE MINAS,0.1
São Tiago,CAMPO DAS VERTENTES,0.6666666666666666
São Tomás de Aquino,SUL/SUDOESTE DE MINAS,0.42857142857142855
São Vicente de Minas,SUL/SUDOESTE DE MINAS,0.6666666666666666
Tabuleiro,ZONA DA MATA,0.5
Taiobeiras,NORTE DE MINAS,0.6086956521739131
Taparuba,VALE DO RIO DOCE,0.7857142857142857
Tapira,TRIÂNGULO MINEIRO/ALTO PARANAÍBA,0.5555555555555556
Taquaraçu de Minas,METROPOLITANA DE BELO HORIZONTE,0.6666666666666666
Tarumirim,VALE DO RIO DOCE,0.65625
Teixeiras,ZONA DA MATA,0.6666666666666666
Teófilo Otoni,VALE DO MUCURI,0.7205623901581723
Timóteo,VALE DO RIO DOCE,0.7702020202020202
Tiradentes,CAMPO DAS VERTENTES,0.6666666666666666
Tiros,TRIÂNGULO MINEIRO/ALTO PARANAÍBA,0.2222222222222222
Tocantins,ZONA DA MATA,0.46153846153846156
Tocos do Moji,SUL/SUDOESTE DE MINAS,0.46153846153846156
Toledo,SUL/SUDOESTE DE MINAS,0.38461538461538464
Tombos,ZONA DA MATA,0.47619047619047616
Três Corações,SUL/SUDOESTE DE MINAS,0.6417322834645669
Três Marias,CENTRAL MINEIRA,0.5571428571428572
Três Pontas,SUL/SUDOESTE DE MINAS,0.6864864864864865
Tumiritinga,VALE DO RIO DOCE,0.6153846153846154
Tupaciguara,TRIÂNGULO MINEIRO/ALTO PARANAÍBA,0.6271186440677966
Turmalina,JEQUITINHONHA,0.6463414634146342
Turvolândia,SUL/SUDOESTE DE MINAS,0.3333333333333333
Ubaporanga,VALE DO RIO DOCE,0.6470588235294118
Ubaí,NORTE DE MINAS,0.7241379310344828
Uberaba,TRIÂNGULO MINEIRO/ALTO PARANAÍBA,0.5824022346368715
Uberlândia,TRIÂNGULO MINEIRO/ALTO PARANAÍBA,0.7054415118931248
Ubá,ZONA DA MATA,0.6757369614512472
Umburatiba,VALE DO MUCURI,0.0
Unaí,NOROESTE DE MINAS,0.5943661971830986
União de Minas,TRIÂNGULO MINEIRO/ALTO PARANAÍBA,0.5555555555555556
Uruana de Minas,NOROESTE DE MINAS,0.5
Urucuia,NORTE DE MINAS,0.7
Urucânia,ZONA DA MATA,0.65
Vargem Alegre,VALE DO RIO DOCE,0.6666666666666666
Vargem Grande do Rio Pardo,NORTE DE MINAS,0.5
Varginha,SUL/SUDOESTE DE MINAS,0.7043795620437956
Varjão de Minas,NOROESTE DE MINAS,0.6666666666666666
Varzelândia,NORTE DE MINAS,0.5227272727272727
Vazante,NOROESTE DE MINAS,0.7285714285714285
Verdelândia,NORTE DE MINAS,0.46153846153846156
Veredinha,JEQUITINHONHA,0.6111111111111112
Vermelho Novo,ZONA DA MATA,0.5
Veríssimo,TRIÂNGULO MINEIRO/ALTO PARANAÍBA,0.6666666666666666
Vespasiano,METROPOLITANA DE BELO HORIZONTE,0.5836431226765799
Vieiras,ZONA DA MATA,0.6666666666666666
Virgem da Lapa,JEQUITINHONHA,0.3333333333333333
Virginópolis,VALE DO RIO DOCE,0.375
Virgolândia,VALE DO RIO DOCE,0.75
Virgínia,SUL/SUDOESTE DE MINAS,0.3
Visconde do Rio Branco,ZONA DA MATA,0.6863905325443787
Viçosa,ZONA DA MATA,0.8798646362098139
Volta Grande,ZONA DA MATA,0.42857142857142855
Várzea da Palma,NORTE DE MINAS,0.6511627906976745
Wenceslau Braz,SUL/SUDOESTE DE MINAS,0.5
Água Boa,VALE DO RIO DOCE,0.5555555555555556
Água Comprida,TRIÂNGULO MINEIRO/ALTO PARANAÍBA,0.0
Águas Formosas,VALE DO MUCURI,0.6153846153846154
Águas Vermelhas,NORTE DE MINAS,0.7
